{
  "ndcg_improvements": [
    0.002854135498321697,
    0.016654843544153364,
    0.021367107733177515,
    0.009980897268568434,
    0.008057812659300168,
    0.013135536508013801,
    0.01420106621781514,
    0.01874053189964897,
    0.022383114544650362,
    0.015311286893382126,
    0.007933601267663848,
    0.01954951807401073,
    0.008117143107541969,
    0.006787283067195782,
    0.00804571321287828,
    0.012341767699928341,
    0.01220608317719496,
    0.0016967811723102022,
    0.009386846554843897,
    0.00959399812198991,
    0.012316896565648716,
    0.004388073357966649,
    0.012530138491058662,
    0.0030953190513827167,
    0.011540846829620643,
    0.0021898871977867884,
    0.0049432828066448,
    0.016061196403087008,
    0.011056214997115399,
    0.011437740656215167,
    0.004431493426577893,
    0.015132200988772548,
    0.004681000693109394,
    0.009105694945531262,
    0.014664416135715563,
    0.007422572987000664,
    0.007320750363088435,
    0.015705872061356985,
    0.015262180216777943,
    0.016130723242525402,
    0.016753441743321273,
    0.010128768143073952,
    0.013476235861247021,
    0.01277759289835012,
    0.007096936880354954,
    0.010118524165293685,
    0.016367509776686995,
    0.012312357099376614,
    0.011811104772315062,
    0.009586218111378941
  ],
  "compliance_improvements": [
    0.055499999999999994,
    0.1372,
    0.13629999999999998,
    0.12360000000000004,
    0.07869999999999999,
    0.12880000000000003,
    0.09079999999999999,
    0.14680000000000004,
    0.14170000000000005,
    0.11180000000000001,
    0.08189999999999997,
    0.1371,
    0.08830000000000005,
    0.08279999999999998,
    0.0927,
    0.08850000000000002,
    0.10029999999999994,
    0.06399999999999995,
    0.1089,
    0.06440000000000001,
    0.11809999999999998,
    0.06430000000000002,
    0.11619999999999997,
    0.07110000000000005,
    0.11229999999999996,
    0.06420000000000003,
    0.09909999999999997,
    0.11739999999999995,
    0.10550000000000004,
    0.1129,
    0.07640000000000002,
    0.11809999999999998,
    0.06620000000000004,
    0.07169999999999999,
    0.08950000000000002,
    0.08179999999999998,
    0.0504,
    0.14090000000000003,
    0.13739999999999997,
    0.11929999999999996,
    0.13759999999999994,
    0.0998,
    0.13149999999999995,
    0.09989999999999999,
    0.09099999999999997,
    0.07689999999999997,
    0.11629999999999996,
    0.09740000000000004,
    0.09750000000000003,
    0.05789999999999995
  ],
  "margin_improvements": [
    -0.05600000000000005,
    0.048899999999999944,
    -0.012600000000000056,
    0.07210000000000005,
    -0.053200000000000025,
    0.02100000000000002,
    -0.02190000000000003,
    0.057600000000000096,
    0.0045000000000000595,
    0.006500000000000061,
    0.01079999999999992,
    0.01429999999999998,
    0.015300000000000091,
    -0.0035000000000000586,
    0.01880000000000004,
    -0.025399999999999978,
    0.012299999999999978,
    0.0047999999999999154,
    0.017900000000000027,
    -0.06879999999999997,
    0.005900000000000016,
    -0.02629999999999999,
    -0.019400000000000084,
    -0.01079999999999992,
    0.04239999999999999,
    -0.02849999999999997,
    0.008000000000000007,
    0.011099999999999999,
    -0.03639999999999999,
    -0.005499999999999949,
    0.01100000000000001,
    0.03369999999999995,
    -0.0029000000000000137,
    -0.040100000000000025,
    -0.03959999999999997,
    -0.06579999999999997,
    -0.05169999999999997,
    0.08289999999999997,
    0.04369999999999996,
    0.04039999999999999,
    0.07229999999999992,
    0.03820000000000001,
    0.05819999999999992,
    -0.03170000000000006,
    -0.016000000000000014,
    -0.052200000000000024,
    0.021100000000000008,
    -0.0464,
    -0.0005999999999999339,
    -0.07820000000000005
  ],
  "quality_analysis": [
    {
      "query": "pink floral cocktail",
      "ndcg_improvement": 0.002854135498321697,
      "margin_improvement": -0.05600000000000005,
      "quality_tiers": [
        "premium"
      ],
      "quality_bonus": 0.011428571428571429,
      "position_bonus": 0.108
    },
    {
      "query": "golden whiskey cocktail",
      "ndcg_improvement": 0.016654843544153364,
      "margin_improvement": 0.048899999999999944,
      "quality_tiers": [
        "premium"
      ],
      "quality_bonus": 0.011428571428571429,
      "position_bonus": 0.108
    },
    {
      "query": "blue martini glass",
      "ndcg_improvement": 0.021367107733177515,
      "margin_improvement": -0.012600000000000056,
      "quality_tiers": [
        "premium"
      ],
      "quality_bonus": 0.011428571428571429,
      "position_bonus": 0.108
    },
    {
      "query": "clear gin fizz",
      "ndcg_improvement": 0.009980897268568434,
      "margin_improvement": 0.07210000000000005,
      "quality_tiers": [
        "premium"
      ],
      "quality_bonus": 0.011428571428571429,
      "position_bonus": 0.108
    },
    {
      "query": "amber old fashioned",
      "ndcg_improvement": 0.008057812659300168,
      "margin_improvement": -0.053200000000000025,
      "quality_tiers": [
        "premium"
      ],
      "quality_bonus": 0.022857142857142857,
      "position_bonus": 0.108
    },
    {
      "query": "red wine sangria",
      "ndcg_improvement": 0.013135536508013801,
      "margin_improvement": 0.02100000000000002,
      "quality_tiers": [
        "premium"
      ],
      "quality_bonus": 0.011428571428571429,
      "position_bonus": 0.108
    },
    {
      "query": "purple berry mojito",
      "ndcg_improvement": 0.01420106621781514,
      "margin_improvement": -0.02190000000000003,
      "quality_tiers": [
        "premium"
      ],
      "quality_bonus": 0.011428571428571429,
      "position_bonus": 0.108
    },
    {
      "query": "green mint julep",
      "ndcg_improvement": 0.01874053189964897,
      "margin_improvement": 0.057600000000000096,
      "quality_tiers": [
        "premium"
      ],
      "quality_bonus": 0.011428571428571429,
      "position_bonus": 0.108
    },
    {
      "query": "orange aperol spritz",
      "ndcg_improvement": 0.022383114544650362,
      "margin_improvement": 0.0045000000000000595,
      "quality_tiers": [
        "premium"
      ],
      "quality_bonus": 0.022857142857142857,
      "position_bonus": 0.108
    },
    {
      "query": "crystal champagne flute",
      "ndcg_improvement": 0.015311286893382126,
      "margin_improvement": 0.006500000000000061,
      "quality_tiers": [
        "premium"
      ],
      "quality_bonus": 0.011428571428571429,
      "position_bonus": 0.108
    },
    {
      "query": "copper moscow mule",
      "ndcg_improvement": 0.007933601267663848,
      "margin_improvement": 0.01079999999999992,
      "quality_tiers": [
        "premium"
      ],
      "quality_bonus": 0.011428571428571429,
      "position_bonus": 0.108
    },
    {
      "query": "silver cocktail shaker",
      "ndcg_improvement": 0.01954951807401073,
      "margin_improvement": 0.01429999999999998,
      "quality_tiers": [
        "premium"
      ],
      "quality_bonus": 0.022857142857142857,
      "position_bonus": 0.108
    },
    {
      "query": "rose petal garnish",
      "ndcg_improvement": 0.008117143107541969,
      "margin_improvement": 0.015300000000000091,
      "quality_tiers": [
        "premium"
      ],
      "quality_bonus": 0.022857142857142857,
      "position_bonus": 0.108
    },
    {
      "query": "citrus twist cocktail",
      "ndcg_improvement": 0.006787283067195782,
      "margin_improvement": -0.0035000000000000586,
      "quality_tiers": [
        "premium"
      ],
      "quality_bonus": 0.011428571428571429,
      "position_bonus": 0.108
    },
    {
      "query": "herb infused drink",
      "ndcg_improvement": 0.00804571321287828,
      "margin_improvement": 0.01880000000000004,
      "quality_tiers": [
        "premium"
      ],
      "quality_bonus": 0.011428571428571429,