{
  "version": "2.0",
  "metrics": {
    "compliance_improvement": 0.10214499999999999,
    "compliance_ci95": [
      0.09757564583333332,
      0.10675183333333331
    ],
    "ndcg_improvement": 0.011369690611034409,
    "ndcg_ci95": [
      0.010401161104690063,
      0.012201065102510102
    ],
    "p95_latency_ms": 0.19380569458007812,
    "blossom_fruit_error_rate": 0.0,
    "low_margin_rate": 0.98
  },
  "thresholds_met": {
    "compliance_improvement": false,
    "ndcg_improvement": false,
    "latency": true,
    "blossom_fruit_error": true,
    "low_margin": false
  },
  "config": {
    "min_compliance_improvement": 0.15,
    "target_ndcg_improvement": 0.08,
    "max_p95_latency_ms": 1.0,
    "max_blossom_fruit_error_rate": 0.02,
    "max_low_margin_rate": 0.1
  },
  "optimization_score": 0.0459689013644518,
  "evaluation_time": 1760235399.848771
}