{
  "timestamp": "2025-10-12T00:50:38.516196",
  "compliance_improvement": 0.14198329395843035,
  "p95_latency_ms": 0.05881518712939504,
  "error_rate_percent": 0.15028513560385215,
  "throughput_qps": 112.84269177962376,
  "system_health": "healthy"
}